0,1.72787595947439
0,1.80222946969099
0,1.87658297990759
0,1.89468918855346
0,1.92475732171168
0,1.95093649012419
0,1.96651581120669
0,1.99482844273956
0,2.02529000034079
0,2.09964351055739
0,2.17399702077399
0,2.24835053099059
0,2.25719822916592
0,2.28003026266548
0,2.32270404120719
0,2.39705755142379
0,2.42186913448327
0,2.42880861794667
0,2.47141106164039
0,2.54576457185699
0,2.55459485090545
0,2.60410667431754
0,2.62011808207359
0,2.69361173979559
0,2.76882510250679
0,2.83585282042073
0,2.84317861272339
0,2.91753212293999
0,2.9790977933024
0,2.99188563315659
0,3.06623914337319
0,3.14059265358979
0.160704547279786,1.72787595947439
0.160704547279786,1.80222946969099
0.160704547279786,1.87658297990759
0.160704547279786,1.89468918855346
0.160704547279786,1.92475732171168
0.160704547279786,1.95093649012419
0.160704547279786,1.96651581120669
0.160704547279786,1.99482844273956
0.160704547279786,2.02529000034079
0.160704547279786,2.09964351055739
0.160704547279786,2.17399702077399
0.160704547279786,2.24835053099059
0.160704547279786,2.25719822916592
0.160704547279786,2.28003026266548
0.160704547279786,2.32270404120719
0.160704547279786,2.39705755142379
0.160704547279786,2.42186913448327
0.160704547279786,2.42880861794667
0.160704547279786,2.47141106164039
0.160704547279786,2.54576457185699
0.160704547279786,2.55459485090545
0.160704547279786,2.60410667431754
0.160704547279786,2.62011808207359
0.160704547279786,2.69361173979559
0.160704547279786,2.76882510250679
0.160704547279786,2.83585282042073
0.160704547279786,2.84317861272339
0.160704547279786,2.91753212293999
0.160704547279786,2.9790977933024
0.160704547279786,2.99188563315659
0.160704547279786,3.06623914337319
0.160704547279786,3.14059265358979
0.321409094559571,1.72787595947439
0.321409094559571,1.80222946969099
0.321409094559571,1.87658297990759
0.321409094559571,1.89468918855346
0.321409094559571,1.92475732171168
0.321409094559571,1.95093649012419
0.321409094559571,1.96651581120669
0.321409094559571,1.99482844273956
0.321409094559571,2.02529000034079
0.321409094559571,2.09964351055739
0.321409094559571,2.17399702077399
0.321409094559571,2.24835053099059
0.321409094559571,2.25719822916592
0.321409094559571,2.28003026266548
0.321409094559571,2.32270404120719
0.321409094559571,2.39705755142379
0.321409094559571,2.42186913448327
0.321409094559571,2.42880861794667
0.321409094559571,2.47141106164039
0.321409094559571,2.54576457185699
0.321409094559571,2.55459485090545
0.321409094559571,2.60410667431754
0.321409094559571,2.62011808207359
0.321409094559571,2.69361173979559
0.321409094559571,2.76882510250679
0.321409094559571,2.83585282042073
0.321409094559571,2.84317861272339
0.321409094559571,2.91753212293999
0.321409094559571,2.9790977933024
0.321409094559571,2.99188563315659
0.321409094559571,3.06623914337319
0.321409094559571,3.14059265358979
0.482113641839357,1.72787595947439
0.482113641839357,1.80222946969099
0.482113641839357,1.87658297990759
0.482113641839357,1.89468918855346
0.482113641839357,1.92475732171168
0.482113641839357,1.95093649012419
0.482113641839357,1.96651581120669
0.482113641839357,1.99482844273956
0.482113641839357,2.02529000034079
0.482113641839357,2.09964351055739
0.482113641839357,2.17399702077399
0.482113641839357,2.24835053099059
0.482113641839357,2.25719822916592
0.482113641839357,2.28003026266548
0.482113641839357,2.32270404120719
0.482113641839357,2.39705755142379
0.482113641839357,2.42186913448327
0.482113641839357,2.42880861794667
0.482113641839357,2.47141106164039
0.482113641839357,2.54576457185699
0.482113641839357,2.55459485090545
0.482113641839357,2.60410667431754
0.482113641839357,2.62011808207359
0.482113641839357,2.69361173979559
0.482113641839357,2.76882510250679
0.482113641839357,2.83585282042073
0.482113641839357,2.84317861272339
0.482113641839357,2.91753212293999
0.482113641839357,2.9790977933024
0.482113641839357,2.99188563315659
0.482113641839357,3.06623914337319
0.482113641839357,3.14059265358979
0.523681325467772,1.72787595947439
0.523681325467772,1.80222946969099
0.523681325467772,1.87658297990759
0.523681325467772,1.89468918855346
0.523681325467772,1.92475732171168
0.523681325467772,1.95093649012419
0.523681325467772,1.96651581120669
0.523681325467772,1.99482844273956
0.523681325467772,2.02529000034079
0.523681325467772,2.09964351055739
0.523681325467772,2.17399702077399
0.523681325467772,2.24835053099059
0.523681325467772,2.25719822916592
0.523681325467772,2.28003026266548
0.523681325467772,2.32270404120719
0.523681325467772,2.39705755142379
0.523681325467772,2.42186913448327
0.523681325467772,2.42880861794667
0.523681325467772,2.47141106164039
0.523681325467772,2.54576457185699
0.523681325467772,2.55459485090545
0.523681325467772,2.60410667431754
0.523681325467772,2.62011808207359
0.523681325467772,2.69361173979559
0.523681325467772,2.76882510250679
0.523681325467772,2.83585282042073
0.523681325467772,2.84317861272339
0.523681325467772,2.91753212293999
0.523681325467772,2.9790977933024
0.523681325467772,2.99188563315659
0.523681325467772,3.06623914337319
0.523681325467772,3.14059265358979
0.554555144574524,1.72787595947439
0.554555144574524,1.80222946969099
0.554555144574524,1.87658297990759
0.554555144574524,1.89468918855346
0.554555144574524,1.92475732171168
0.554555144574524,1.95093649012419
0.554555144574524,1.96651581120669
0.554555144574524,1.99482844273956
0.554555144574524,2.02529000034079
0.554555144574524,2.09964351055739
0.554555144574524,2.17399702077399
0.554555144574524,2.24835053099059
0.554555144574524,2.25719822916592
0.554555144574524,2.28003026266548
0.554555144574524,2.32270404120719
0.554555144574524,2.39705755142379
0.554555144574524,2.42186913448327
0.554555144574524,2.42880861794667
0.554555144574524,2.47141106164039
0.554555144574524,2.54576457185699
0.554555144574524,2.55459485090545
0.554555144574524,2.60410667431754
0.554555144574524,2.62011808207359
0.554555144574524,2.69361173979559
0.554555144574524,2.76882510250679
0.554555144574524,2.83585282042073
0.554555144574524,2.84317861272339
0.554555144574524,2.91753212293999
0.554555144574524,2.9790977933024
0.554555144574524,2.99188563315659
0.554555144574524,3.06623914337319
0.554555144574524,3.14059265358979
0.57905355332396,1.72787595947439
0.57905355332396,1.80222946969099
0.57905355332396,1.87658297990759
0.57905355332396,1.89468918855346
0.57905355332396,1.92475732171168
0.57905355332396,1.95093649012419
0.57905355332396,1.96651581120669
0.57905355332396,1.99482844273956
0.57905355332396,2.02529000034079
0.57905355332396,2.09964351055739
0.57905355332396,2.17399702077399
0.57905355332396,2.24835053099059
0.57905355332396,2.25719822916592
0.57905355332396,2.28003026266548
0.57905355332396,2.32270404120719
0.57905355332396,2.39705755142379
0.57905355332396,2.42186913448327
0.57905355332396,2.42880861794667
0.57905355332396,2.47141106164039
0.57905355332396,2.54576457185699
0.57905355332396,2.55459485090545
0.57905355332396,2.60410667431754
0.57905355332396,2.62011808207359
0.57905355332396,2.69361173979559
0.57905355332396,2.76882510250679
0.57905355332396,2.83585282042073
0.57905355332396,2.84317861272339
0.57905355332396,2.91753212293999
0.57905355332396,2.9790977933024
0.57905355332396,2.99188563315659
0.57905355332396,3.06623914337319
0.57905355332396,3.14059265358979
0.642818189119142,1.72787595947439
0.642818189119142,1.80222946969099
0.642818189119142,1.87658297990759
0.642818189119142,1.89468918855346
0.642818189119142,1.92475732171168
0.642818189119142,1.95093649012419
0.642818189119142,1.96651581120669
0.642818189119142,1.99482844273956
0.642818189119142,2.02529000034079
0.642818189119142,2.09964351055739
0.642818189119142,2.17399702077399
0.642818189119142,2.24835053099059
0.642818189119142,2.25719822916592
0.642818189119142,2.28003026266548
0.642818189119142,2.32270404120719
0.642818189119142,2.39705755142379
0.642818189119142,2.42186913448327
0.642818189119142,2.42880861794667
0.642818189119142,2.47141106164039
0.642818189119142,2.54576457185699
0.642818189119142,2.55459485090545
0.642818189119142,2.60410667431754
0.642818189119142,2.62011808207359
0.642818189119142,2.69361173979559
0.642818189119142,2.76882510250679
0.642818189119142,2.83585282042073
0.642818189119142,2.84317861272339
0.642818189119142,2.91753212293999
0.642818189119142,2.9790977933024
0.642818189119142,2.99188563315659
0.642818189119142,3.06623914337319
0.642818189119142,3.14059265358979
0.803522736398928,1.72787595947439
0.803522736398928,1.80222946969099
0.803522736398928,1.87658297990759
0.803522736398928,1.89468918855346
0.803522736398928,1.92475732171168
0.803522736398928,1.95093649012419
0.803522736398928,1.96651581120669
0.803522736398928,1.99482844273956
0.803522736398928,2.02529000034079
0.803522736398928,2.09964351055739
0.803522736398928,2.17399702077399
0.803522736398928,2.24835053099059
0.803522736398928,2.25719822916592
0.803522736398928,2.28003026266548
0.803522736398928,2.32270404120719
0.803522736398928,2.39705755142379
0.803522736398928,2.42186913448327
0.803522736398928,2.42880861794667
0.803522736398928,2.47141106164039
0.803522736398928,2.54576457185699
0.803522736398928,2.55459485090545
0.803522736398928,2.60410667431754
0.803522736398928,2.62011808207359
0.803522736398928,2.69361173979559
0.803522736398928,2.76882510250679
0.803522736398928,2.83585282042073
0.803522736398928,2.84317861272339
0.803522736398928,2.91753212293999
0.803522736398928,2.9790977933024
0.803522736398928,2.99188563315659
0.803522736398928,3.06623914337319
0.803522736398928,3.14059265358979
0.964227283678713,1.72787595947439
0.964227283678713,1.80222946969099
0.964227283678713,1.87658297990759
0.964227283678713,1.89468918855346
0.964227283678713,1.92475732171168
0.964227283678713,1.95093649012419
0.964227283678713,1.96651581120669
0.964227283678713,1.99482844273956
0.964227283678713,2.02529000034079
0.964227283678713,2.09964351055739
0.964227283678713,2.17399702077399
0.964227283678713,2.24835053099059
0.964227283678713,2.25719822916592
0.964227283678713,2.28003026266548
0.964227283678713,2.32270404120719
0.964227283678713,2.39705755142379
0.964227283678713,2.42186913448327
0.964227283678713,2.42880861794667
0.964227283678713,2.47141106164039
0.964227283678713,2.54576457185699
0.964227283678713,2.55459485090545
0.964227283678713,2.60410667431754
0.964227283678713,2.62011808207359
0.964227283678713,2.69361173979559
0.964227283678713,2.76882510250679
0.964227283678713,2.83585282042073
0.964227283678713,2.84317861272339
0.964227283678713,2.91753212293999
0.964227283678713,2.9790977933024
0.964227283678713,2.99188563315659
0.964227283678713,3.06623914337319
0.964227283678713,3.14059265358979
1.1249318309585,1.72787595947439
1.1249318309585,1.80222946969099
1.1249318309585,1.87658297990759
1.1249318309585,1.89468918855346
1.1249318309585,1.92475732171168
1.1249318309585,1.95093649012419
1.1249318309585,1.96651581120669
1.1249318309585,1.99482844273956
1.1249318309585,2.02529000034079
1.1249318309585,2.09964351055739
1.1249318309585,2.17399702077399
1.1249318309585,2.24835053099059
1.1249318309585,2.25719822916592
1.1249318309585,2.28003026266548
1.1249318309585,2.32270404120719
1.1249318309585,2.39705755142379
1.1249318309585,2.42186913448327
1.1249318309585,2.42880861794667
1.1249318309585,2.47141106164039
1.1249318309585,2.54576457185699
1.1249318309585,2.55459485090545
1.1249318309585,2.60410667431754
1.1249318309585,2.62011808207359
1.1249318309585,2.69361173979559
1.1249318309585,2.76882510250679
1.1249318309585,2.83585282042073
1.1249318309585,2.84317861272339
1.1249318309585,2.91753212293999
1.1249318309585,2.9790977933024
1.1249318309585,2.99188563315659
1.1249318309585,3.06623914337319
1.1249318309585,3.14059265358979
1.28563637823828,1.72787595947439
1.28563637823828,1.80222946969099
1.28563637823828,1.87658297990759
1.28563637823828,1.89468918855346
1.28563637823828,1.92475732171168
1.28563637823828,1.95093649012419
1.28563637823828,1.96651581120669
1.28563637823828,1.99482844273956
1.28563637823828,2.02529000034079
1.28563637823828,2.09964351055739
1.28563637823828,2.17399702077399
1.28563637823828,2.24835053099059
1.28563637823828,2.25719822916592
1.28563637823828,2.28003026266548
1.28563637823828,2.32270404120719
1.28563637823828,2.39705755142379
1.28563637823828,2.42186913448327
1.28563637823828,2.42880861794667
1.28563637823828,2.47141106164039
1.28563637823828,2.54576457185699
1.28563637823828,2.55459485090545
1.28563637823828,2.60410667431754
1.28563637823828,2.62011808207359
1.28563637823828,2.69361173979559
1.28563637823828,2.76882510250679
1.28563637823828,2.83585282042073
1.28563637823828,2.84317861272339
1.28563637823828,2.91753212293999
1.28563637823828,2.9790977933024
1.28563637823828,2.99188563315659
1.28563637823828,3.06623914337319
1.28563637823828,3.14059265358979
1.30449028675391,1.72787595947439
1.30449028675391,1.80222946969099
1.30449028675391,1.87658297990759
1.30449028675391,1.89468918855346
1.30449028675391,1.92475732171168
1.30449028675391,1.95093649012419
1.30449028675391,1.96651581120669
1.30449028675391,1.99482844273956
1.30449028675391,2.02529000034079
1.30449028675391,2.09964351055739
1.30449028675391,2.17399702077399
1.30449028675391,2.24835053099059
1.30449028675391,2.25719822916592
1.30449028675391,2.28003026266548
1.30449028675391,2.32270404120719
1.30449028675391,2.39705755142379
1.30449028675391,2.42186913448327
1.30449028675391,2.42880861794667
1.30449028675391,2.47141106164039
1.30449028675391,2.54576457185699
1.30449028675391,2.55459485090545
1.30449028675391,2.60410667431754
1.30449028675391,2.62011808207359
1.30449028675391,2.69361173979559
1.30449028675391,2.76882510250679
1.30449028675391,2.83585282042073
1.30449028675391,2.84317861272339
1.30449028675391,2.91753212293999
1.30449028675391,2.9790977933024
1.30449028675391,2.99188563315659
1.30449028675391,3.06623914337319
1.30449028675391,3.14059265358979
1.37045013743686,1.72787595947439
1.37045013743686,1.80222946969099
1.37045013743686,1.87658297990759
1.37045013743686,1.89468918855346
1.37045013743686,1.92475732171168
1.37045013743686,1.95093649012419
1.37045013743686,1.96651581120669
1.37045013743686,1.99482844273956
1.37045013743686,2.02529000034079
1.37045013743686,2.09964351055739
1.37045013743686,2.17399702077399
1.37045013743686,2.24835053099059
1.37045013743686,2.25719822916592
1.37045013743686,2.28003026266548
1.37045013743686,2.32270404120719
1.37045013743686,2.39705755142379
1.37045013743686,2.42186913448327
1.37045013743686,2.42880861794667
1.37045013743686,2.47141106164039
1.37045013743686,2.54576457185699
1.37045013743686,2.55459485090545
1.37045013743686,2.60410667431754
1.37045013743686,2.62011808207359
1.37045013743686,2.69361173979559
1.37045013743686,2.76882510250679
1.37045013743686,2.83585282042073
1.37045013743686,2.84317861272339
1.37045013743686,2.91753212293999
1.37045013743686,2.9790977933024
1.37045013743686,2.99188563315659
1.37045013743686,3.06623914337319
1.37045013743686,3.14059265358979
1.44634092551807,1.72787595947439
1.44634092551807,1.80222946969099
1.44634092551807,1.87658297990759
1.44634092551807,1.89468918855346
1.44634092551807,1.92475732171168
1.44634092551807,1.95093649012419
1.44634092551807,1.96651581120669
1.44634092551807,1.99482844273956
1.44634092551807,2.02529000034079
1.44634092551807,2.09964351055739
1.44634092551807,2.17399702077399
1.44634092551807,2.24835053099059
1.44634092551807,2.25719822916592
1.44634092551807,2.28003026266548
1.44634092551807,2.32270404120719
1.44634092551807,2.39705755142379
1.44634092551807,2.42186913448327
1.44634092551807,2.42880861794667
1.44634092551807,2.47141106164039
1.44634092551807,2.54576457185699
1.44634092551807,2.55459485090545
1.44634092551807,2.60410667431754
1.44634092551807,2.62011808207359
1.44634092551807,2.69361173979559
1.44634092551807,2.76882510250679
1.44634092551807,2.83585282042073
1.44634092551807,2.84317861272339
1.44634092551807,2.91753212293999
1.44634092551807,2.9790977933024
1.44634092551807,2.99188563315659
1.44634092551807,3.06623914337319
1.44634092551807,3.14059265358979
1.60704547279786,1.72787595947439
1.60704547279786,1.80222946969099
1.60704547279786,1.87658297990759
1.60704547279786,1.89468918855346
1.60704547279786,1.92475732171168
1.60704547279786,1.95093649012419
1.60704547279786,1.96651581120669
1.60704547279786,1.99482844273956
1.60704547279786,2.02529000034079
1.60704547279786,2.09964351055739
1.60704547279786,2.17399702077399
1.60704547279786,2.24835053099059
1.60704547279786,2.25719822916592
1.60704547279786,2.28003026266548
1.60704547279786,2.32270404120719
1.60704547279786,2.39705755142379
1.60704547279786,2.42186913448327
1.60704547279786,2.42880861794667
1.60704547279786,2.47141106164039
1.60704547279786,2.54576457185699
1.60704547279786,2.55459485090545
1.60704547279786,2.60410667431754
1.60704547279786,2.62011808207359
1.60704547279786,2.69361173979559
1.60704547279786,2.76882510250679
1.60704547279786,2.83585282042073
1.60704547279786,2.84317861272339
1.60704547279786,2.91753212293999
1.60704547279786,2.9790977933024
1.60704547279786,2.99188563315659
1.60704547279786,3.06623914337319
1.60704547279786,3.14059265358979
1.69867792103074,1.72787595947439
1.69867792103074,1.80222946969099
1.69867792103074,1.87658297990759
1.69867792103074,1.89468918855346
1.69867792103074,1.92475732171168
1.69867792103074,1.95093649012419
1.69867792103074,1.96651581120669
1.69867792103074,1.99482844273956
1.69867792103074,2.02529000034079
1.69867792103074,2.09964351055739
1.69867792103074,2.17399702077399
1.69867792103074,2.24835053099059
1.69867792103074,2.25719822916592
1.69867792103074,2.28003026266548
1.69867792103074,2.32270404120719
1.69867792103074,2.39705755142379
1.69867792103074,2.42186913448327
1.69867792103074,2.42880861794667
1.69867792103074,2.47141106164039
1.69867792103074,2.54576457185699
1.69867792103074,2.55459485090545
1.69867792103074,2.60410667431754
1.69867792103074,2.62011808207359
1.69867792103074,2.69361173979559
1.69867792103074,2.76882510250679
1.69867792103074,2.83585282042073
1.69867792103074,2.84317861272339
1.69867792103074,2.91753212293999
1.69867792103074,2.9790977933024
1.69867792103074,2.99188563315659
1.69867792103074,3.06623914337319
1.69867792103074,3.14059265358979
1.76775002007764,1.72787595947439
1.76775002007764,1.80222946969099
1.76775002007764,1.87658297990759
1.76775002007764,1.89468918855346
1.76775002007764,1.92475732171168
1.76775002007764,1.95093649012419
1.76775002007764,1.96651581120669
1.76775002007764,1.99482844273956
1.76775002007764,2.02529000034079
1.76775002007764,2.09964351055739
1.76775002007764,2.17399702077399
1.76775002007764,2.24835053099059
1.76775002007764,2.25719822916592
1.76775002007764,2.28003026266548
1.76775002007764,2.32270404120719
1.76775002007764,2.39705755142379
1.76775002007764,2.42186913448327
1.76775002007764,2.42880861794667
1.76775002007764,2.47141106164039
1.76775002007764,2.54576457185699
1.76775002007764,2.55459485090545
1.76775002007764,2.60410667431754
1.76775002007764,2.62011808207359
1.76775002007764,2.69361173979559
1.76775002007764,2.76882510250679
1.76775002007764,2.83585282042073
1.76775002007764,2.84317861272339
1.76775002007764,2.91753212293999
1.76775002007764,2.9790977933024
1.76775002007764,2.99188563315659
1.76775002007764,3.06623914337319
1.76775002007764,3.14059265358979
1.77907229884779,1.72787595947439
1.77907229884779,1.80222946969099
1.77907229884779,1.87658297990759
1.77907229884779,1.89468918855346
1.77907229884779,1.92475732171168
1.77907229884779,1.95093649012419
1.77907229884779,1.96651581120669
1.77907229884779,1.99482844273956
1.77907229884779,2.02529000034079
1.77907229884779,2.09964351055739
1.77907229884779,2.17399702077399
1.77907229884779,2.24835053099059
1.77907229884779,2.25719822916592
1.77907229884779,2.28003026266548
1.77907229884779,2.32270404120719
1.77907229884779,2.39705755142379
1.77907229884779,2.42186913448327
1.77907229884779,2.42880861794667
1.77907229884779,2.47141106164039
1.77907229884779,2.54576457185699
1.77907229884779,2.55459485090545
1.77907229884779,2.60410667431754
1.77907229884779,2.62011808207359
1.77907229884779,2.69361173979559
1.77907229884779,2.76882510250679
1.77907229884779,2.83585282042073
1.77907229884779,2.84317861272339
1.77907229884779,2.91753212293999
1.77907229884779,2.9790977933024
1.77907229884779,2.99188563315659
1.77907229884779,3.06623914337319
1.77907229884779,3.14059265358979
1.92845456735743,1.72787595947439
1.92845456735743,1.80222946969099
1.92845456735743,1.87658297990759
1.92845456735743,1.89468918855346
1.92845456735743,1.92475732171168
1.92845456735743,1.95093649012419
1.92845456735743,1.96651581120669
1.92845456735743,1.99482844273956
1.92845456735743,2.02529000034079
1.92845456735743,2.09964351055739
1.92845456735743,2.17399702077399
1.92845456735743,2.24835053099059
1.92845456735743,2.25719822916592
1.92845456735743,2.28003026266548
1.92845456735743,2.32270404120719
1.92845456735743,2.39705755142379
1.92845456735743,2.42186913448327
1.92845456735743,2.42880861794667
1.92845456735743,2.47141106164039
1.92845456735743,2.54576457185699
1.92845456735743,2.55459485090545
1.92845456735743,2.60410667431754
1.92845456735743,2.62011808207359
1.92845456735743,2.69361173979559
1.92845456735743,2.76882510250679
1.92845456735743,2.83585282042073
1.92845456735743,2.84317861272339
1.92845456735743,2.91753212293999
1.92845456735743,2.9790977933024
1.92845456735743,2.99188563315659
1.92845456735743,3.06623914337319
1.92845456735743,3.14059265358979
2.01723379521666,1.72787595947439
2.01723379521666,1.80222946969099
2.01723379521666,1.87658297990759
2.01723379521666,1.89468918855346
2.01723379521666,1.92475732171168
2.01723379521666,1.95093649012419
2.01723379521666,1.96651581120669
2.01723379521666,1.99482844273956
2.01723379521666,2.02529000034079
2.01723379521666,2.09964351055739
2.01723379521666,2.17399702077399
2.01723379521666,2.24835053099059
2.01723379521666,2.25719822916592
2.01723379521666,2.28003026266548
2.01723379521666,2.32270404120719
2.01723379521666,2.39705755142379
2.01723379521666,2.42186913448327
2.01723379521666,2.42880861794667
2.01723379521666,2.47141106164039
2.01723379521666,2.54576457185699
2.01723379521666,2.55459485090545
2.01723379521666,2.60410667431754
2.01723379521666,2.62011808207359
2.01723379521666,2.69361173979559
2.01723379521666,2.76882510250679
2.01723379521666,2.83585282042073
2.01723379521666,2.84317861272339
2.01723379521666,2.91753212293999
2.01723379521666,2.9790977933024
2.01723379521666,2.99188563315659
2.01723379521666,3.06623914337319
2.01723379521666,3.14059265358979
2.08915911463721,1.72787595947439
2.08915911463721,1.80222946969099
2.08915911463721,1.87658297990759
2.08915911463721,1.89468918855346
2.08915911463721,1.92475732171168
2.08915911463721,1.95093649012419
2.08915911463721,1.96651581120669
2.08915911463721,1.99482844273956
2.08915911463721,2.02529000034079
2.08915911463721,2.09964351055739
2.08915911463721,2.17399702077399
2.08915911463721,2.24835053099059
2.08915911463721,2.25719822916592
2.08915911463721,2.28003026266548
2.08915911463721,2.32270404120719
2.08915911463721,2.39705755142379
2.08915911463721,2.42186913448327
2.08915911463721,2.42880861794667
2.08915911463721,2.47141106164039
2.08915911463721,2.54576457185699
2.08915911463721,2.55459485090545
2.08915911463721,2.60410667431754
2.08915911463721,2.62011808207359
2.08915911463721,2.69361173979559
2.08915911463721,2.76882510250679
2.08915911463721,2.83585282042073
2.08915911463721,2.84317861272339
2.08915911463721,2.91753212293999
2.08915911463721,2.9790977933024
2.08915911463721,2.99188563315659
2.08915911463721,3.06623914337319
2.08915911463721,3.14059265358979
2.249863661917,1.72787595947439
2.249863661917,1.80222946969099
2.249863661917,1.87658297990759
2.249863661917,1.89468918855346
2.249863661917,1.92475732171168
2.249863661917,1.95093649012419
2.249863661917,1.96651581120669
2.249863661917,1.99482844273956
2.249863661917,2.02529000034079
2.249863661917,2.09964351055739
2.249863661917,2.17399702077399
2.249863661917,2.24835053099059
2.249863661917,2.25719822916592
2.249863661917,2.28003026266548
2.249863661917,2.32270404120719
2.249863661917,2.39705755142379
2.249863661917,2.42186913448327
2.249863661917,2.42880861794667
2.249863661917,2.47141106164039
2.249863661917,2.54576457185699
2.249863661917,2.55459485090545
2.249863661917,2.60410667431754
2.249863661917,2.62011808207359
2.249863661917,2.69361173979559
2.249863661917,2.76882510250679
2.249863661917,2.83585282042073
2.249863661917,2.84317861272339
2.249863661917,2.91753212293999
2.249863661917,2.9790977933024
2.249863661917,2.99188563315659
2.249863661917,3.06623914337319
2.249863661917,3.14059265358979
2.41056820919678,1.72787595947439
2.41056820919678,1.80222946969099
2.41056820919678,1.87658297990759
2.41056820919678,1.89468918855346
2.41056820919678,1.92475732171168
2.41056820919678,1.95093649012419
2.41056820919678,1.96651581120669
2.41056820919678,1.99482844273956
2.41056820919678,2.02529000034079
2.41056820919678,2.09964351055739
2.41056820919678,2.17399702077399
2.41056820919678,2.24835053099059
2.41056820919678,2.25719822916592
2.41056820919678,2.28003026266548
2.41056820919678,2.32270404120719
2.41056820919678,2.39705755142379
2.41056820919678,2.42186913448327
2.41056820919678,2.42880861794667
2.41056820919678,2.47141106164039
2.41056820919678,2.54576457185699
2.41056820919678,2.55459485090545
2.41056820919678,2.60410667431754
2.41056820919678,2.62011808207359
2.41056820919678,2.69361173979559
2.41056820919678,2.76882510250679
2.41056820919678,2.83585282042073
2.41056820919678,2.84317861272339
2.41056820919678,2.91753212293999
2.41056820919678,2.9790977933024
2.41056820919678,2.99188563315659
2.41056820919678,3.06623914337319
2.41056820919678,3.14059265358979
2.57127275647657,1.72787595947439
2.57127275647657,1.80222946969099
2.57127275647657,1.87658297990759
2.57127275647657,1.89468918855346
2.57127275647657,1.92475732171168
2.57127275647657,1.95093649012419
2.57127275647657,1.96651581120669
2.57127275647657,1.99482844273956
2.57127275647657,2.02529000034079
2.57127275647657,2.09964351055739
2.57127275647657,2.17399702077399
2.57127275647657,2.24835053099059
2.57127275647657,2.25719822916592
2.57127275647657,2.28003026266548
2.57127275647657,2.32270404120719
2.57127275647657,2.39705755142379
2.57127275647657,2.42186913448327
2.57127275647657,2.42880861794667
2.57127275647657,2.47141106164039
2.57127275647657,2.54576457185699
2.57127275647657,2.55459485090545
2.57127275647657,2.60410667431754
2.57127275647657,2.62011808207359
2.57127275647657,2.69361173979559
2.57127275647657,2.76882510250679
2.57127275647657,2.83585282042073
2.57127275647657,2.84317861272339
2.57127275647657,2.91753212293999
2.57127275647657,2.9790977933024
2.57127275647657,2.99188563315659
2.57127275647657,3.06623914337319
2.57127275647657,3.14059265358979
2.59542694246307,1.72787595947439
2.59542694246307,1.80222946969099
2.59542694246307,1.87658297990759
2.59542694246307,1.89468918855346
2.59542694246307,1.92475732171168
2.59542694246307,1.95093649012419
2.59542694246307,1.96651581120669
2.59542694246307,1.99482844273956
2.59542694246307,2.02529000034079
2.59542694246307,2.09964351055739
2.59542694246307,2.17399702077399
2.59542694246307,2.24835053099059
2.59542694246307,2.25719822916592
2.59542694246307,2.28003026266548
2.59542694246307,2.32270404120719
2.59542694246307,2.39705755142379
2.59542694246307,2.42186913448327
2.59542694246307,2.42880861794667
2.59542694246307,2.47141106164039
2.59542694246307,2.54576457185699
2.59542694246307,2.55459485090545
2.59542694246307,2.60410667431754
2.59542694246307,2.62011808207359
2.59542694246307,2.69361173979559
2.59542694246307,2.76882510250679
2.59542694246307,2.83585282042073
2.59542694246307,2.84317861272339
2.59542694246307,2.91753212293999
2.59542694246307,2.9790977933024
2.59542694246307,2.99188563315659
2.59542694246307,3.06623914337319
2.59542694246307,3.14059265358979
2.61406348483978,1.72787595947439
2.61406348483978,1.80222946969099
2.61406348483978,1.87658297990759
2.61406348483978,1.89468918855346
2.61406348483978,1.92475732171168
2.61406348483978,1.95093649012419
2.61406348483978,1.96651581120669
2.61406348483978,1.99482844273956
2.61406348483978,2.02529000034079
2.61406348483978,2.09964351055739
2.61406348483978,2.17399702077399
2.61406348483978,2.24835053099059
2.61406348483978,2.25719822916592
2.61406348483978,2.28003026266548
2.61406348483978,2.32270404120719
2.61406348483978,2.39705755142379
2.61406348483978,2.42186913448327
2.61406348483978,2.42880861794667
2.61406348483978,2.47141106164039
2.61406348483978,2.54576457185699
2.61406348483978,2.55459485090545
2.61406348483978,2.60410667431754
2.61406348483978,2.62011808207359
2.61406348483978,2.69361173979559
2.61406348483978,2.76882510250679
2.61406348483978,2.83585282042073
2.61406348483978,2.84317861272339
2.61406348483978,2.91753212293999
2.61406348483978,2.9790977933024
2.61406348483978,2.99188563315659
2.61406348483978,3.06623914337319
2.61406348483978,3.14059265358979
2.68725347517852,1.72787595947439
2.68725347517852,1.80222946969099
2.68725347517852,1.87658297990759
2.68725347517852,1.89468918855346
2.68725347517852,1.92475732171168
2.68725347517852,1.95093649012419
2.68725347517852,1.96651581120669
2.68725347517852,1.99482844273956
2.68725347517852,2.02529000034079
2.68725347517852,2.09964351055739
2.68725347517852,2.17399702077399
2.68725347517852,2.24835053099059
2.68725347517852,2.25719822916592
2.68725347517852,2.28003026266548
2.68725347517852,2.32270404120719
2.68725347517852,2.39705755142379
2.68725347517852,2.42186913448327
2.68725347517852,2.42880861794667
2.68725347517852,2.47141106164039
2.68725347517852,2.54576457185699
2.68725347517852,2.55459485090545
2.68725347517852,2.60410667431754
2.68725347517852,2.62011808207359
2.68725347517852,2.69361173979559
2.68725347517852,2.76882510250679
2.68725347517852,2.83585282042073
2.68725347517852,2.84317861272339
2.68725347517852,2.91753212293999
2.68725347517852,2.9790977933024
2.68725347517852,2.99188563315659
2.68725347517852,3.06623914337319
2.68725347517852,3.14059265358979
2.73197730375635,1.72787595947439
2.73197730375635,1.80222946969099
2.73197730375635,1.87658297990759
2.73197730375635,1.89468918855346
2.73197730375635,1.92475732171168
2.73197730375635,1.95093649012419
2.73197730375635,1.96651581120669
2.73197730375635,1.99482844273956
2.73197730375635,2.02529000034079
2.73197730375635,2.09964351055739
2.73197730375635,2.17399702077399
2.73197730375635,2.24835053099059
2.73197730375635,2.25719822916592
2.73197730375635,2.28003026266548
2.73197730375635,2.32270404120719
2.73197730375635,2.39705755142379
2.73197730375635,2.42186913448327
2.73197730375635,2.42880861794667
2.73197730375635,2.47141106164039
2.73197730375635,2.54576457185699
2.73197730375635,2.55459485090545
2.73197730375635,2.60410667431754
2.73197730375635,2.62011808207359
2.73197730375635,2.69361173979559
2.73197730375635,2.76882510250679
2.73197730375635,2.83585282042073
2.73197730375635,2.84317861272339
2.73197730375635,2.91753212293999
2.73197730375635,2.9790977933024
2.73197730375635,2.99188563315659
2.73197730375635,3.06623914337319
2.73197730375635,3.14059265358979
2.89268185103614,1.72787595947439
2.89268185103614,1.80222946969099
2.89268185103614,1.87658297990759
2.89268185103614,1.89468918855346
2.89268185103614,1.92475732171168
2.89268185103614,1.95093649012419
2.89268185103614,1.96651581120669
2.89268185103614,1.99482844273956
2.89268185103614,2.02529000034079
2.89268185103614,2.09964351055739
2.89268185103614,2.17399702077399
2.89268185103614,2.24835053099059
2.89268185103614,2.25719822916592
2.89268185103614,2.28003026266548
2.89268185103614,2.32270404120719
2.89268185103614,2.39705755142379
2.89268185103614,2.42186913448327
2.89268185103614,2.42880861794667
2.89268185103614,2.47141106164039
2.89268185103614,2.54576457185699
2.89268185103614,2.55459485090545
2.89268185103614,2.60410667431754
2.89268185103614,2.62011808207359
2.89268185103614,2.69361173979559
2.89268185103614,2.76882510250679
2.89268185103614,2.83585282042073
2.89268185103614,2.84317861272339
2.89268185103614,2.91753212293999
2.89268185103614,2.9790977933024
2.89268185103614,2.99188563315659
2.89268185103614,3.06623914337319
2.89268185103614,3.14059265358979
3.05338639831593,1.72787595947439
3.05338639831593,1.80222946969099
3.05338639831593,1.87658297990759
3.05338639831593,1.89468918855346
3.05338639831593,1.92475732171168
3.05338639831593,1.95093649012419
3.05338639831593,1.96651581120669
3.05338639831593,1.99482844273956
3.05338639831593,2.02529000034079
3.05338639831593,2.09964351055739
3.05338639831593,2.17399702077399
3.05338639831593,2.24835053099059
3.05338639831593,2.25719822916592
3.05338639831593,2.28003026266548
3.05338639831593,2.32270404120719
3.05338639831593,2.39705755142379
3.05338639831593,2.42186913448327
3.05338639831593,2.42880861794667
3.05338639831593,2.47141106164039
3.05338639831593,2.54576457185699
3.05338639831593,2.55459485090545
3.05338639831593,2.60410667431754
3.05338639831593,2.62011808207359
3.05338639831593,2.69361173979559
3.05338639831593,2.76882510250679
3.05338639831593,2.83585282042073
3.05338639831593,2.84317861272339
3.05338639831593,2.91753212293999
3.05338639831593,2.9790977933024
3.05338639831593,2.99188563315659
3.05338639831593,3.06623914337319
3.05338639831593,3.14059265358979
3.21409094559571,1.72787595947439
3.21409094559571,1.80222946969099
3.21409094559571,1.87658297990759
3.21409094559571,1.89468918855346
3.21409094559571,1.92475732171168
3.21409094559571,1.95093649012419
3.21409094559571,1.96651581120669
3.21409094559571,1.99482844273956
3.21409094559571,2.02529000034079
3.21409094559571,2.09964351055739
3.21409094559571,2.17399702077399
3.21409094559571,2.24835053099059
3.21409094559571,2.25719822916592
3.21409094559571,2.28003026266548
3.21409094559571,2.32270404120719
3.21409094559571,2.39705755142379
3.21409094559571,2.42186913448327
3.21409094559571,2.42880861794667
3.21409094559571,2.47141106164039
3.21409094559571,2.54576457185699
3.21409094559571,2.55459485090545
3.21409094559571,2.60410667431754
3.21409094559571,2.62011808207359
3.21409094559571,2.69361173979559
3.21409094559571,2.76882510250679
3.21409094559571,2.83585282042073
3.21409094559571,2.84317861272339
3.21409094559571,2.91753212293999
3.21409094559571,2.9790977933024
3.21409094559571,2.99188563315659
3.21409094559571,3.06623914337319
3.21409094559571,3.14059265358979
3.3747954928755,1.72787595947439
3.3747954928755,1.80222946969099
3.3747954928755,1.87658297990759
3.3747954928755,1.89468918855346
3.3747954928755,1.92475732171168
3.3747954928755,1.95093649012419
3.3747954928755,1.96651581120669
3.3747954928755,1.99482844273956
3.3747954928755,2.02529000034079
3.3747954928755,2.09964351055739
3.3747954928755,2.17399702077399
3.3747954928755,2.24835053099059
3.3747954928755,2.25719822916592
3.3747954928755,2.28003026266548
3.3747954928755,2.32270404120719
3.3747954928755,2.39705755142379
3.3747954928755,2.42186913448327
3.3747954928755,2.42880861794667
3.3747954928755,2.47141106164039
3.3747954928755,2.54576457185699
3.3747954928755,2.55459485090545
3.3747954928755,2.60410667431754
3.3747954928755,2.62011808207359
3.3747954928755,2.69361173979559
3.3747954928755,2.76882510250679
3.3747954928755,2.83585282042073
3.3747954928755,2.84317861272339
3.3747954928755,2.91753212293999
3.3747954928755,2.9790977933024
3.3747954928755,2.99188563315659
3.3747954928755,3.06623914337319
3.3747954928755,3.14059265358979
3.53550004015528,1.72787595947439
3.53550004015528,1.80222946969099
3.53550004015528,1.87658297990759
3.53550004015528,1.89468918855346
3.53550004015528,1.92475732171168
3.53550004015528,1.95093649012419
3.53550004015528,1.96651581120669
3.53550004015528,1.99482844273956
3.53550004015528,2.02529000034079
3.53550004015528,2.09964351055739
3.53550004015528,2.17399702077399
3.53550004015528,2.24835053099059
3.53550004015528,2.25719822916592
3.53550004015528,2.28003026266548
3.53550004015528,2.32270404120719
3.53550004015528,2.39705755142379
3.53550004015528,2.42186913448327
3.53550004015528,2.42880861794667
3.53550004015528,2.47141106164039
3.53550004015528,2.54576457185699
3.53550004015528,2.55459485090545
3.53550004015528,2.60410667431754
3.53550004015528,2.62011808207359
3.53550004015528,2.69361173979559
3.53550004015528,2.76882510250679
3.53550004015528,2.83585282042073
3.53550004015528,2.84317861272339
3.53550004015528,2.91753212293999
3.53550004015528,2.9790977933024
3.53550004015528,2.99188563315659
3.53550004015528,3.06623914337319
3.53550004015528,3.14059265358979
3.59597981459351,1.72787595947439
3.59597981459351,1.80222946969099
3.59597981459351,1.87658297990759
3.59597981459351,1.89468918855346
3.59597981459351,1.92475732171168
3.59597981459351,1.95093649012419
3.59597981459351,1.96651581120669
3.59597981459351,1.99482844273956
3.59597981459351,2.02529000034079
3.59597981459351,2.09964351055739
3.59597981459351,2.17399702077399
3.59597981459351,2.24835053099059
3.59597981459351,2.25719822916592
3.59597981459351,2.28003026266548
3.59597981459351,2.32270404120719
3.59597981459351,2.39705755142379
3.59597981459351,2.42186913448327
3.59597981459351,2.42880861794667
3.59597981459351,2.47141106164039
3.59597981459351,2.54576457185699
3.59597981459351,2.55459485090545
3.59597981459351,2.60410667431754
3.59597981459351,2.62011808207359
3.59597981459351,2.69361173979559
3.59597981459351,2.76882510250679
3.59597981459351,2.83585282042073
3.59597981459351,2.84317861272339
3.59597981459351,2.91753212293999
3.59597981459351,2.9790977933024
3.59597981459351,2.99188563315659
3.59597981459351,3.06623914337319
3.59597981459351,3.14059265358979
3.66913237758727,1.72787595947439
3.66913237758727,1.80222946969099
3.66913237758727,1.87658297990759
3.66913237758727,1.89468918855346
3.66913237758727,1.92475732171168
3.66913237758727,1.95093649012419
3.66913237758727,1.96651581120669
3.66913237758727,1.99482844273956
3.66913237758727,2.02529000034079
3.66913237758727,2.09964351055739
3.66913237758727,2.17399702077399
3.66913237758727,2.24835053099059
3.66913237758727,2.25719822916592
3.66913237758727,2.28003026266548
3.66913237758727,2.32270404120719
3.66913237758727,2.39705755142379
3.66913237758727,2.42186913448327
3.66913237758727,2.42880861794667
3.66913237758727,2.47141106164039
3.66913237758727,2.54576457185699
3.66913237758727,2.55459485090545
3.66913237758727,2.60410667431754
3.66913237758727,2.62011808207359
3.66913237758727,2.69361173979559
3.66913237758727,2.76882510250679
3.66913237758727,2.83585282042073
3.66913237758727,2.84317861272339
3.66913237758727,2.91753212293999
3.66913237758727,2.9790977933024
3.66913237758727,2.99188563315659
3.66913237758727,3.06623914337319
3.66913237758727,3.14059265358979
3.68774021385183,1.72787595947439
3.68774021385183,1.80222946969099
3.68774021385183,1.87658297990759
3.68774021385183,1.89468918855346
3.68774021385183,1.92475732171168
3.68774021385183,1.95093649012419
3.68774021385183,1.96651581120669
3.68774021385183,1.99482844273956
3.68774021385183,2.02529000034079
3.68774021385183,2.09964351055739
3.68774021385183,2.17399702077399
3.68774021385183,2.24835053099059
3.68774021385183,2.25719822916592
3.68774021385183,2.28003026266548
3.68774021385183,2.32270404120719
3.68774021385183,2.39705755142379
3.68774021385183,2.42186913448327
3.68774021385183,2.42880861794667
3.68774021385183,2.47141106164039
3.68774021385183,2.54576457185699
3.68774021385183,2.55459485090545
3.68774021385183,2.60410667431754
3.68774021385183,2.62011808207359
3.68774021385183,2.69361173979559
3.68774021385183,2.76882510250679
3.68774021385183,2.83585282042073
3.68774021385183,2.84317861272339
3.68774021385183,2.91753212293999
3.68774021385183,2.9790977933024
3.68774021385183,2.99188563315659
3.68774021385183,3.06623914337319
3.68774021385183,3.14059265358979
3.69620458743507,1.72787595947439
3.69620458743507,1.80222946969099
3.69620458743507,1.87658297990759
3.69620458743507,1.89468918855346
3.69620458743507,1.92475732171168
3.69620458743507,1.95093649012419
3.69620458743507,1.96651581120669
3.69620458743507,1.99482844273956
3.69620458743507,2.02529000034079
3.69620458743507,2.09964351055739
3.69620458743507,2.17399702077399
3.69620458743507,2.24835053099059
3.69620458743507,2.25719822916592
3.69620458743507,2.28003026266548
3.69620458743507,2.32270404120719
3.69620458743507,2.39705755142379
3.69620458743507,2.42186913448327
3.69620458743507,2.42880861794667
3.69620458743507,2.47141106164039
3.69620458743507,2.54576457185699
3.69620458743507,2.55459485090545
3.69620458743507,2.60410667431754
3.69620458743507,2.62011808207359
3.69620458743507,2.69361173979559
3.69620458743507,2.76882510250679
3.69620458743507,2.83585282042073
3.69620458743507,2.84317861272339
3.69620458743507,2.91753212293999
3.69620458743507,2.9790977933024
3.69620458743507,2.99188563315659
3.69620458743507,3.06623914337319
3.69620458743507,3.14059265358979
3.85690913471485,1.72787595947439
3.85690913471485,1.80222946969099
3.85690913471485,1.87658297990759
3.85690913471485,1.89468918855346
3.85690913471485,1.92475732171168
3.85690913471485,1.95093649012419
3.85690913471485,1.96651581120669
3.85690913471485,1.99482844273956
3.85690913471485,2.02529000034079
3.85690913471485,2.09964351055739
3.85690913471485,2.17399702077399
3.85690913471485,2.24835053099059
3.85690913471485,2.25719822916592
3.85690913471485,2.28003026266548
3.85690913471485,2.32270404120719
3.85690913471485,2.39705755142379
3.85690913471485,2.42186913448327
3.85690913471485,2.42880861794667
3.85690913471485,2.47141106164039
3.85690913471485,2.54576457185699
3.85690913471485,2.55459485090545
3.85690913471485,2.60410667431754
3.85690913471485,2.62011808207359
3.85690913471485,2.69361173979559
3.85690913471485,2.76882510250679
3.85690913471485,2.83585282042073
3.85690913471485,2.84317861272339
3.85690913471485,2.91753212293999
3.85690913471485,2.9790977933024
3.85690913471485,2.99188563315659
3.85690913471485,3.06623914337319
3.85690913471485,3.14059265358979
4.01761368199464,1.72787595947439
4.01761368199464,1.80222946969099
4.01761368199464,1.87658297990759
4.01761368199464,1.89468918855346
4.01761368199464,1.92475732171168
4.01761368199464,1.95093649012419
4.01761368199464,1.96651581120669
4.01761368199464,1.99482844273956
4.01761368199464,2.02529000034079
4.01761368199464,2.09964351055739
4.01761368199464,2.17399702077399
4.01761368199464,2.24835053099059
4.01761368199464,2.25719822916592
4.01761368199464,2.28003026266548
4.01761368199464,2.32270404120719
4.01761368199464,2.39705755142379
4.01761368199464,2.42186913448327
4.01761368199464,2.42880861794667
4.01761368199464,2.47141106164039
4.01761368199464,2.54576457185699
4.01761368199464,2.55459485090545
4.01761368199464,2.60410667431754
4.01761368199464,2.62011808207359
4.01761368199464,2.69361173979559
4.01761368199464,2.76882510250679
4.01761368199464,2.83585282042073
4.01761368199464,2.84317861272339
4.01761368199464,2.91753212293999
4.01761368199464,2.9790977933024
4.01761368199464,2.99188563315659
4.01761368199464,3.06623914337319
4.01761368199464,3.14059265358979
4.17831822927443,1.72787595947439
4.17831822927443,1.80222946969099
4.17831822927443,1.87658297990759
4.17831822927443,1.89468918855346
4.17831822927443,1.92475732171168
4.17831822927443,1.95093649012419
4.17831822927443,1.96651581120669
4.17831822927443,1.99482844273956
4.17831822927443,2.02529000034079
4.17831822927443,2.09964351055739
4.17831822927443,2.17399702077399
4.17831822927443,2.24835053099059
4.17831822927443,2.25719822916592
4.17831822927443,2.28003026266548
4.17831822927443,2.32270404120719
4.17831822927443,2.39705755142379
4.17831822927443,2.42186913448327
4.17831822927443,2.42880861794667
4.17831822927443,2.47141106164039
4.17831822927443,2.54576457185699
4.17831822927443,2.55459485090545
4.17831822927443,2.60410667431754
4.17831822927443,2.62011808207359
4.17831822927443,2.69361173979559
4.17831822927443,2.76882510250679
4.17831822927443,2.83585282042073
4.17831822927443,2.84317861272339
4.17831822927443,2.91753212293999
4.17831822927443,2.9790977933024
4.17831822927443,2.99188563315659
4.17831822927443,3.06623914337319
4.17831822927443,3.14059265358979
4.2659869137734,1.72787595947439
4.2659869137734,1.80222946969099
4.2659869137734,1.87658297990759
4.2659869137734,1.89468918855346
4.2659869137734,1.92475732171168
4.2659869137734,1.95093649012419
4.2659869137734,1.96651581120669
4.2659869137734,1.99482844273956
4.2659869137734,2.02529000034079
4.2659869137734,2.09964351055739
4.2659869137734,2.17399702077399
4.2659869137734,2.24835053099059
4.2659869137734,2.25719822916592
4.2659869137734,2.28003026266548
4.2659869137734,2.32270404120719
4.2659869137734,2.39705755142379
4.2659869137734,2.42186913448327
4.2659869137734,2.42880861794667
4.2659869137734,2.47141106164039
4.2659869137734,2.54576457185699
4.2659869137734,2.55459485090545
4.2659869137734,2.60410667431754
4.2659869137734,2.62011808207359
4.2659869137734,2.69361173979559
4.2659869137734,2.76882510250679
4.2659869137734,2.83585282042073
4.2659869137734,2.84317861272339
4.2659869137734,2.91753212293999
4.2659869137734,2.9790977933024
4.2659869137734,2.99188563315659
4.2659869137734,3.06623914337319
4.2659869137734,3.14059265358979
4.33902277655421,1.72787595947439
4.33902277655421,1.80222946969099
4.33902277655421,1.87658297990759
4.33902277655421,1.89468918855346
4.33902277655421,1.92475732171168
4.33902277655421,1.95093649012419
4.33902277655421,1.96651581120669
4.33902277655421,1.99482844273956
4.33902277655421,2.02529000034079
4.33902277655421,2.09964351055739
4.33902277655421,2.17399702077399
4.33902277655421,2.24835053099059
4.33902277655421,2.25719822916592
4.33902277655421,2.28003026266548
4.33902277655421,2.32270404120719
4.33902277655421,2.39705755142379
4.33902277655421,2.42186913448327
4.33902277655421,2.42880861794667
4.33902277655421,2.47141106164039
4.33902277655421,2.54576457185699
4.33902277655421,2.55459485090545
4.33902277655421,2.60410667431754
4.33902277655421,2.62011808207359
4.33902277655421,2.69361173979559
4.33902277655421,2.76882510250679
4.33902277655421,2.83585282042073
4.33902277655421,2.84317861272339
4.33902277655421,2.91753212293999
4.33902277655421,2.9790977933024
4.33902277655421,2.99188563315659
4.33902277655421,3.06623914337319
4.33902277655421,3.14059265358979
4.499727323834,1.72787595947439
4.499727323834,1.80222946969099
4.499727323834,1.87658297990759
4.499727323834,1.89468918855346
4.499727323834,1.92475732171168
4.499727323834,1.95093649012419
4.499727323834,1.96651581120669
4.499727323834,1.99482844273956
4.499727323834,2.02529000034079
4.499727323834,2.09964351055739
4.499727323834,2.17399702077399
4.499727323834,2.24835053099059
4.499727323834,2.25719822916592
4.499727323834,2.28003026266548
4.499727323834,2.32270404120719
4.499727323834,2.39705755142379
4.499727323834,2.42186913448327
4.499727323834,2.42880861794667
4.499727323834,2.47141106164039
4.499727323834,2.54576457185699
4.499727323834,2.55459485090545
4.499727323834,2.60410667431754
4.499727323834,2.62011808207359
4.499727323834,2.69361173979559
4.499727323834,2.76882510250679
4.499727323834,2.83585282042073
4.499727323834,2.84317861272339
4.499727323834,2.91753212293999
4.499727323834,2.9790977933024
4.499727323834,2.99188563315659
4.499727323834,3.06623914337319
4.499727323834,3.14059265358979
4.58451980121968,1.72787595947439
4.58451980121968,1.80222946969099
4.58451980121968,1.87658297990759
4.58451980121968,1.89468918855346
4.58451980121968,1.92475732171168
4.58451980121968,1.95093649012419
4.58451980121968,1.96651581120669
4.58451980121968,1.99482844273956
4.58451980121968,2.02529000034079
4.58451980121968,2.09964351055739
4.58451980121968,2.17399702077399
4.58451980121968,2.24835053099059
4.58451980121968,2.25719822916592
4.58451980121968,2.28003026266548
4.58451980121968,2.32270404120719
4.58451980121968,2.39705755142379
4.58451980121968,2.42186913448327
4.58451980121968,2.42880861794667
4.58451980121968,2.47141106164039
4.58451980121968,2.54576457185699
4.58451980121968,2.55459485090545
4.58451980121968,2.60410667431754
4.58451980121968,2.62011808207359
4.58451980121968,2.69361173979559
4.58451980121968,2.76882510250679
4.58451980121968,2.83585282042073
4.58451980121968,2.84317861272339
4.58451980121968,2.91753212293999
4.58451980121968,2.9790977933024
4.58451980121968,2.99188563315659
4.58451980121968,3.06623914337319
4.58451980121968,3.14059265358979
4.66043187111378,1.72787595947439
4.66043187111378,1.80222946969099
4.66043187111378,1.87658297990759
4.66043187111378,1.89468918855346
4.66043187111378,1.92475732171168
4.66043187111378,1.95093649012419
4.66043187111378,1.96651581120669
4.66043187111378,1.99482844273956
4.66043187111378,2.02529000034079
4.66043187111378,2.09964351055739
4.66043187111378,2.17399702077399
4.66043187111378,2.24835053099059
4.66043187111378,2.25719822916592
4.66043187111378,2.28003026266548
4.66043187111378,2.32270404120719
4.66043187111378,2.39705755142379
4.66043187111378,2.42186913448327
4.66043187111378,2.42880861794667
4.66043187111378,2.47141106164039
4.66043187111378,2.54576457185699
4.66043187111378,2.55459485090545
4.66043187111378,2.60410667431754
4.66043187111378,2.62011808207359
4.66043187111378,2.69361173979559
4.66043187111378,2.76882510250679
4.66043187111378,2.83585282042073
4.66043187111378,2.84317861272339
4.66043187111378,2.91753212293999
4.66043187111378,2.9790977933024
4.66043187111378,2.99188563315659
4.66043187111378,3.06623914337319
4.66043187111378,3.14059265358979
4.82113641839357,1.72787595947439
4.82113641839357,1.80222946969099
4.82113641839357,1.87658297990759
4.82113641839357,1.89468918855346
4.82113641839357,1.92475732171168
4.82113641839357,1.95093649012419
4.82113641839357,1.96651581120669
4.82113641839357,1.99482844273956
4.82113641839357,2.02529000034079
4.82113641839357,2.09964351055739
4.82113641839357,2.17399702077399
4.82113641839357,2.24835053099059
4.82113641839357,2.25719822916592
4.82113641839357,2.28003026266548
4.82113641839357,2.32270404120719
4.82113641839357,2.39705755142379
4.82113641839357,2.42186913448327
4.82113641839357,2.42880861794667
4.82113641839357,2.47141106164039
4.82113641839357,2.54576457185699
4.82113641839357,2.55459485090545
4.82113641839357,2.60410667431754
4.82113641839357,2.62011808207359
4.82113641839357,2.69361173979559
4.82113641839357,2.76882510250679
4.82113641839357,2.83585282042073
4.82113641839357,2.84317861272339
4.82113641839357,2.91753212293999
4.82113641839357,2.9790977933024
4.82113641839357,2.99188563315659
4.82113641839357,3.06623914337319
4.82113641839357,3.14059265358979
4.91274569623062,1.72787595947439
4.91274569623062,1.80222946969099
4.91274569623062,1.87658297990759
4.91274569623062,1.89468918855346
4.91274569623062,1.92475732171168
4.91274569623062,1.95093649012419
4.91274569623062,1.96651581120669
4.91274569623062,1.99482844273956
4.91274569623062,2.02529000034079
4.91274569623062,2.09964351055739
4.91274569623062,2.17399702077399
4.91274569623062,2.24835053099059
4.91274569623062,2.25719822916592
4.91274569623062,2.28003026266548
4.91274569623062,2.32270404120719
4.91274569623062,2.39705755142379
4.91274569623062,2.42186913448327
4.91274569623062,2.42880861794667
4.91274569623062,2.47141106164039
4.91274569623062,2.54576457185699
4.91274569623062,2.55459485090545
4.91274569623062,2.60410667431754
4.91274569623062,2.62011808207359
4.91274569623062,2.69361173979559
4.91274569623062,2.76882510250679
4.91274569623062,2.83585282042073
4.91274569623062,2.84317861272339
4.91274569623062,2.91753212293999
4.91274569623062,2.9790977933024
4.91274569623062,2.99188563315659
4.91274569623062,3.06623914337319
4.91274569623062,3.14059265358979
4.97869471909389,1.72787595947439
4.97869471909389,1.80222946969099
4.97869471909389,1.87658297990759
4.97869471909389,1.89468918855346
4.97869471909389,1.92475732171168
4.97869471909389,1.95093649012419
4.97869471909389,1.96651581120669
4.97869471909389,1.99482844273956
4.97869471909389,2.02529000034079
4.97869471909389,2.09964351055739
4.97869471909389,2.17399702077399
4.97869471909389,2.24835053099059
4.97869471909389,2.25719822916592
4.97869471909389,2.28003026266548
4.97869471909389,2.32270404120719
4.97869471909389,2.39705755142379
4.97869471909389,2.42186913448327
4.97869471909389,2.42880861794667
4.97869471909389,2.47141106164039
4.97869471909389,2.54576457185699
4.97869471909389,2.55459485090545
4.97869471909389,2.60410667431754
4.97869471909389,2.62011808207359
4.97869471909389,2.69361173979559
4.97869471909389,2.76882510250679
4.97869471909389,2.83585282042073
4.97869471909389,2.84317861272339
4.97869471909389,2.91753212293999
4.97869471909389,2.9790977933024
4.97869471909389,2.99188563315659
4.97869471909389,3.06623914337319
4.97869471909389,3.14059265358979
5.14254551295314,1.72787595947439
5.14254551295314,1.80222946969099
5.14254551295314,1.87658297990759
5.14254551295314,1.89468918855346
5.14254551295314,1.92475732171168
5.14254551295314,1.95093649012419
5.14254551295314,1.96651581120669
5.14254551295314,1.99482844273956
5.14254551295314,2.02529000034079
5.14254551295314,2.09964351055739
5.14254551295314,2.17399702077399
5.14254551295314,2.24835053099059
5.14254551295314,2.25719822916592
5.14254551295314,2.28003026266548
5.14254551295314,2.32270404120719
5.14254551295314,2.39705755142379
5.14254551295314,2.42186913448327
5.14254551295314,2.42880861794667
5.14254551295314,2.47141106164039
5.14254551295314,2.54576457185699
5.14254551295314,2.55459485090545
5.14254551295314,2.60410667431754
5.14254551295314,2.62011808207359
5.14254551295314,2.69361173979559
5.14254551295314,2.76882510250679
5.14254551295314,2.83585282042073
5.14254551295314,2.84317861272339
5.14254551295314,2.91753212293999
5.14254551295314,2.9790977933024
5.14254551295314,2.99188563315659
5.14254551295314,3.06623914337319
5.14254551295314,3.14059265358979
5.30325006023292,1.72787595947439
5.30325006023292,1.80222946969099
5.30325006023292,1.87658297990759
5.30325006023292,1.89468918855346
5.30325006023292,1.92475732171168
5.30325006023292,1.95093649012419
5.30325006023292,1.96651581120669
5.30325006023292,1.99482844273956
5.30325006023292,2.02529000034079
5.30325006023292,2.09964351055739
5.30325006023292,2.17399702077399
5.30325006023292,2.24835053099059
5.30325006023292,2.25719822916592
5.30325006023292,2.28003026266548
5.30325006023292,2.32270404120719
5.30325006023292,2.39705755142379
5.30325006023292,2.42186913448327
5.30325006023292,2.42880861794667
5.30325006023292,2.47141106164039
5.30325006023292,2.54576457185699
5.30325006023292,2.55459485090545
5.30325006023292,2.60410667431754
5.30325006023292,2.62011808207359
5.30325006023292,2.69361173979559
5.30325006023292,2.76882510250679
5.30325006023292,2.83585282042073
5.30325006023292,2.84317861272339
5.30325006023292,2.91753212293999
5.30325006023292,2.9790977933024
5.30325006023292,2.99188563315659
5.30325006023292,3.06623914337319
5.30325006023292,3.14059265358979
5.46395460751271,1.72787595947439
5.46395460751271,1.80222946969099
5.46395460751271,1.87658297990759
5.46395460751271,1.89468918855346
5.46395460751271,1.92475732171168
5.46395460751271,1.95093649012419
5.46395460751271,1.96651581120669
5.46395460751271,1.99482844273956
5.46395460751271,2.02529000034079
5.46395460751271,2.09964351055739
5.46395460751271,2.17399702077399
5.46395460751271,2.24835053099059
5.46395460751271,2.25719822916592
5.46395460751271,2.28003026266548
5.46395460751271,2.32270404120719
5.46395460751271,2.39705755142379
5.46395460751271,2.42186913448327
5.46395460751271,2.42880861794667
5.46395460751271,2.47141106164039
5.46395460751271,2.54576457185699
5.46395460751271,2.55459485090545
5.46395460751271,2.60410667431754
5.46395460751271,2.62011808207359
5.46395460751271,2.69361173979559
5.46395460751271,2.76882510250679
5.46395460751271,2.83585282042073
5.46395460751271,2.84317861272339
5.46395460751271,2.91753212293999
5.46395460751271,2.9790977933024
5.46395460751271,2.99188563315659
5.46395460751271,3.06623914337319
5.46395460751271,3.14059265358979
5.6246591547925,1.72787595947439
5.6246591547925,1.80222946969099
5.6246591547925,1.87658297990759
5.6246591547925,1.89468918855346
5.6246591547925,1.92475732171168
5.6246591547925,1.95093649012419
5.6246591547925,1.96651581120669
5.6246591547925,1.99482844273956
5.6246591547925,2.02529000034079
5.6246591547925,2.09964351055739
5.6246591547925,2.17399702077399
5.6246591547925,2.24835053099059
5.6246591547925,2.25719822916592
5.6246591547925,2.28003026266548
5.6246591547925,2.32270404120719
5.6246591547925,2.39705755142379
5.6246591547925,2.42186913448327
5.6246591547925,2.42880861794667
5.6246591547925,2.47141106164039
5.6246591547925,2.54576457185699
5.6246591547925,2.55459485090545
5.6246591547925,2.60410667431754
5.6246591547925,2.62011808207359
5.6246591547925,2.69361173979559
5.6246591547925,2.76882510250679
5.6246591547925,2.83585282042073
5.6246591547925,2.84317861272339
5.6246591547925,2.91753212293999
5.6246591547925,2.9790977933024
5.6246591547925,2.99188563315659
5.6246591547925,3.06623914337319
5.6246591547925,3.14059265358979
5.7041370767316,1.72787595947439
5.7041370767316,1.80222946969099
5.7041370767316,1.87658297990759
5.7041370767316,1.89468918855346
5.7041370767316,1.92475732171168
5.7041370767316,1.95093649012419
5.7041370767316,1.96651581120669
5.7041370767316,1.99482844273956
5.7041370767316,2.02529000034079
5.7041370767316,2.09964351055739
5.7041370767316,2.17399702077399
5.7041370767316,2.24835053099059
5.7041370767316,2.25719822916592
5.7041370767316,2.28003026266548
5.7041370767316,2.32270404120719
5.7041370767316,2.39705755142379
5.7041370767316,2.42186913448327
5.7041370767316,2.42880861794667
5.7041370767316,2.47141106164039
5.7041370767316,2.54576457185699
5.7041370767316,2.55459485090545
5.7041370767316,2.60410667431754
5.7041370767316,2.62011808207359
5.7041370767316,2.69361173979559
5.7041370767316,2.76882510250679
5.7041370767316,2.83585282042073
5.7041370767316,2.84317861272339
5.7041370767316,2.91753212293999
5.7041370767316,2.9790977933024
5.7041370767316,2.99188563315659
5.7041370767316,3.06623914337319
5.7041370767316,3.14059265358979
5.72864457592402,1.72787595947439
5.72864457592402,1.80222946969099
5.72864457592402,1.87658297990759
5.72864457592402,1.89468918855346
5.72864457592402,1.92475732171168
5.72864457592402,1.95093649012419
5.72864457592402,1.96651581120669
5.72864457592402,1.99482844273956
5.72864457592402,2.02529000034079
5.72864457592402,2.09964351055739
5.72864457592402,2.17399702077399
5.72864457592402,2.24835053099059
5.72864457592402,2.25719822916592
5.72864457592402,2.28003026266548
5.72864457592402,2.32270404120719
5.72864457592402,2.39705755142379
5.72864457592402,2.42186913448327
5.72864457592402,2.42880861794667
5.72864457592402,2.47141106164039
5.72864457592402,2.54576457185699
5.72864457592402,2.55459485090545
5.72864457592402,2.60410667431754
5.72864457592402,2.62011808207359
5.72864457592402,2.69361173979559
5.72864457592402,2.76882510250679
5.72864457592402,2.83585282042073
5.72864457592402,2.84317861272339
5.72864457592402,2.91753212293999
5.72864457592402,2.9790977933024
5.72864457592402,2.99188563315659
5.72864457592402,3.06623914337319
5.72864457592402,3.14059265358979
5.75949318404021,1.72787595947439
5.75949318404021,1.80222946969099
5.75949318404021,1.87658297990759
5.75949318404021,1.89468918855346
5.75949318404021,1.92475732171168
5.75949318404021,1.95093649012419
5.75949318404021,1.96651581120669
5.75949318404021,1.99482844273956
5.75949318404021,2.02529000034079
5.75949318404021,2.09964351055739
5.75949318404021,2.17399702077399
5.75949318404021,2.24835053099059
5.75949318404021,2.25719822916592
5.75949318404021,2.28003026266548
5.75949318404021,2.32270404120719
5.75949318404021,2.39705755142379
5.75949318404021,2.42186913448327
5.75949318404021,2.42880861794667
5.75949318404021,2.47141106164039
5.75949318404021,2.54576457185699
5.75949318404021,2.55459485090545
5.75949318404021,2.60410667431754
5.75949318404021,2.62011808207359
5.75949318404021,2.69361173979559
5.75949318404021,2.76882510250679
5.75949318404021,2.83585282042073
5.75949318404021,2.84317861272339
5.75949318404021,2.91753212293999
5.75949318404021,2.9790977933024
5.75949318404021,2.99188563315659
5.75949318404021,3.06623914337319
5.75949318404021,3.14059265358979
5.78536370207228,1.72787595947439
5.78536370207228,1.80222946969099
5.78536370207228,1.87658297990759
5.78536370207228,1.89468918855346
5.78536370207228,1.92475732171168
5.78536370207228,1.95093649012419
5.78536370207228,1.96651581120669
5.78536370207228,1.99482844273956
5.78536370207228,2.02529000034079
5.78536370207228,2.09964351055739
5.78536370207228,2.17399702077399
5.78536370207228,2.24835053099059
5.78536370207228,2.25719822916592
5.78536370207228,2.28003026266548
5.78536370207228,2.32270404120719
5.78536370207228,2.39705755142379
5.78536370207228,2.42186913448327
5.78536370207228,2.42880861794667
5.78536370207228,2.47141106164039
5.78536370207228,2.54576457185699
5.78536370207228,2.55459485090545
5.78536370207228,2.60410667431754
5.78536370207228,2.62011808207359
5.78536370207228,2.69361173979559
5.78536370207228,2.76882510250679
5.78536370207228,2.83585282042073
5.78536370207228,2.84317861272339
5.78536370207228,2.91753212293999
5.78536370207228,2.9790977933024
5.78536370207228,2.99188563315659
5.78536370207228,3.06623914337319
5.78536370207228,3.14059265358979
5.94606824935207,1.72787595947439
5.94606824935207,1.80222946969099
5.94606824935207,1.87658297990759
5.94606824935207,1.89468918855346
5.94606824935207,1.92475732171168
5.94606824935207,1.95093649012419
5.94606824935207,1.96651581120669
5.94606824935207,1.99482844273956
5.94606824935207,2.02529000034079
5.94606824935207,2.09964351055739
5.94606824935207,2.17399702077399
5.94606824935207,2.24835053099059
5.94606824935207,2.25719822916592
5.94606824935207,2.28003026266548
5.94606824935207,2.32270404120719
5.94606824935207,2.39705755142379
5.94606824935207,2.42186913448327
5.94606824935207,2.42880861794667
5.94606824935207,2.47141106164039
5.94606824935207,2.54576457185699
5.94606824935207,2.55459485090545
5.94606824935207,2.60410667431754
5.94606824935207,2.62011808207359
5.94606824935207,2.69361173979559
5.94606824935207,2.76882510250679
5.94606824935207,2.83585282042073
5.94606824935207,2.84317861272339
5.94606824935207,2.91753212293999
5.94606824935207,2.9790977933024
5.94606824935207,2.99188563315659
5.94606824935207,3.06623914337319
5.94606824935207,3.14059265358979
6.10677279663185,1.72787595947439
6.10677279663185,1.80222946969099
6.10677279663185,1.87658297990759
6.10677279663185,1.89468918855346
6.10677279663185,1.92475732171168
6.10677279663185,1.95093649012419
6.10677279663185,1.96651581120669
6.10677279663185,1.99482844273956
6.10677279663185,2.02529000034079
6.10677279663185,2.09964351055739
6.10677279663185,2.17399702077399
6.10677279663185,2.24835053099059
6.10677279663185,2.25719822916592
6.10677279663185,2.28003026266548
6.10677279663185,2.32270404120719
6.10677279663185,2.39705755142379
6.10677279663185,2.42186913448327
6.10677279663185,2.42880861794667
6.10677279663185,2.47141106164039
6.10677279663185,2.54576457185699
6.10677279663185,2.55459485090545
6.10677279663185,2.60410667431754
6.10677279663185,2.62011808207359
6.10677279663185,2.69361173979559
6.10677279663185,2.76882510250679
6.10677279663185,2.83585282042073
6.10677279663185,2.84317861272339
6.10677279663185,2.91753212293999
6.10677279663185,2.9790977933024
6.10677279663185,2.99188563315659
6.10677279663185,3.06623914337319
6.10677279663185,3.14059265358979
6.26747734391164,1.72787595947439
6.26747734391164,1.80222946969099
6.26747734391164,1.87658297990759
6.26747734391164,1.89468918855346
6.26747734391164,1.92475732171168
6.26747734391164,1.95093649012419
6.26747734391164,1.96651581120669
6.26747734391164,1.99482844273956
6.26747734391164,2.02529000034079
6.26747734391164,2.09964351055739
6.26747734391164,2.17399702077399
6.26747734391164,2.24835053099059
6.26747734391164,2.25719822916592
6.26747734391164,2.28003026266548
6.26747734391164,2.32270404120719
6.26747734391164,2.39705755142379
6.26747734391164,2.42186913448327
6.26747734391164,2.42880861794667
6.26747734391164,2.47141106164039
6.26747734391164,2.54576457185699
6.26747734391164,2.55459485090545
6.26747734391164,2.60410667431754
6.26747734391164,2.62011808207359
6.26747734391164,2.69361173979559
6.26747734391164,2.76882510250679
6.26747734391164,2.83585282042073
6.26747734391164,2.84317861272339
6.26747734391164,2.91753212293999
6.26747734391164,2.9790977933024
6.26747734391164,2.99188563315659
6.26747734391164,3.06623914337319
6.26747734391164,3.14059265358979
